date,horizon_weeks,bunker_index_usd_t,demand_index,market_volatility,congestion_Paradip,congestion_Visakhapatnam,congestion_Gangavaram,congestion_Gopalpur,congestion_Dhamra,congestion_Haldia
2026-10-02,1,561.12,117.747,40.65,55.0,30.0,25.0,78.0,60.0,82.0
2026-10-09,2,567.65,118.255,42.66,53.64,33.59,24.33,78.25,55.6,81.22
2026-10-16,3,575.09,117.398,43.81,52.61,32.06,19.63,73.0,34.05,88.89
2026-10-23,4,570.57,118.334,44.97,43.85,29.87,39.09,70.62,38.3,82.9
2026-10-30,5,580.6,120.012,45.78,45.25,31.2,35.13,77.85,46.54,90.21
2026-11-06,6,594.64,121.954,41.31,34.36,30.55,5.0,76.0,31.77,95.41
2026-11-13,7,588.6,122.693,37.92,44.54,29.89,5.0,69.48,42.87,81.93
2026-11-20,8,590.05,122.148,40.05,45.3,31.88,5.0,71.3,47.8,76.59
2026-11-27,9,588.34,121.933,34.5,42.34,36.51,32.54,76.54,52.82,76.15
2026-12-04,10,603.57,126.113,41.17,34.82,20.44,22.11,63.41,37.67,69.71
2026-12-11,11,604.55,126.323,31.05,36.14,16.11,29.62,67.75,52.85,70.02
2026-12-18,12,607.65,127.32,34.22,31.87,19.39,24.5,64.1,53.6,73.19
2026-12-25,13,610.79,127.929,38.65,40.62,18.01,16.21,60.24,65.93,71.75
2027-01-01,14,628.43,133.968,34.85,34.15,13.31,6.33,72.31,58.32,71.49
2027-01-08,15,626.85,133.858,34.21,38.41,13.6,5.0,69.25,53.05,72.52
2027-01-15,16,623.7,134.712,38.52,34.79,12.98,13.28,71.45,50.34,79.8
2027-01-22,17,620.65,134.523,34.84,28.63,27.21,5.83,72.85,53.35,76.61
2027-01-29,18,621.4,134.726,35.29,18.84,24.13,5.0,70.12,53.4,72.88
2027-02-05,19,638.55,140.487,38.38,24.29,25.6,5.77,73.15,56.09,74.78
2027-02-12,20,633.11,140.711,38.94,29.98,15.96,12.67,71.49,53.36,76.5
2027-02-19,21,630.8,141.189,38.09,32.72,13.61,19.03,68.71,49.05,73.52
2027-02-26,22,628.18,141.361,37.08,30.73,19.85,13.05,68.35,50.81,73.11
2027-03-05,23,642.04,145.613,41.1,41.04,24.68,20.11,69.31,62.98,75.58
2027-03-12,24,643.11,145.686,43.06,37.92,24.6,21.14,74.78,58.11,76.13
2027-03-19,25,643.28,145.88,41.31,40.05,20.66,17.35,74.27,56.6,74.97
2027-03-26,26,641.54,146.102,43.01,44.11,18.58,19.31,75.89,50.58,73.22
2027-04-02,27,647.39,147.974,43.55,50.76,31.57,25.72,80.77,61.12,78.91
2027-04-09,28,648.52,148.223,41.08,52.22,30.65,26.5,82.0,60.23,80.99
2027-04-16,29,649.9,148.67,42.8,53.32,32.9,26.6,81.12,61.45,81.88
2027-04-23,30,649.7,148.98,41.96,52.5,34.71,25.89,78.85,60.87,83.71
